{
    "Normal (0)": {
        "precision": 0.9671772428884027,
        "recall": 0.9629629629629629,
        "f1-score": 0.9650655021834061,
        "support": 1377.0
    },
    "OSA (1)": {
        "precision": 0.05555555555555555,
        "recall": 0.0625,
        "f1-score": 0.058823529411764705,
        "support": 48.0
    },
    "accuracy": 0.9326315789473684,
    "macro avg": {
        "precision": 0.5113663992219791,
        "recall": 0.5127314814814814,
        "f1-score": 0.5119445157975854,
        "support": 1425.0
    },
    "weighted avg": {
        "precision": 0.9364699860519278,
        "recall": 0.9326315789473684,
        "f1-score": 0.9345394567847825,
        "support": 1425.0
    },
    "auprc": 0.05009808707133184,
    "roc_auc": 0.6117465504720406
}